cancion,titulo_en_catalogo,disco,anio_disco,artista,url_ficha
Volando solo,Volando Solo,Deltoya,1992,Extremoduro,https://entreinteriores.com/extremoduro/deltoya/volando-solo
Estoy muy bien,Estoy Muy Bien,¿Dónde están mis amigos?,1993,Extremoduro,https://entreinteriores.com/extremoduro/donde-estan-mis-amigos/estoy-muy-bien
"Islero, shirlero o ladrón","Islero, shirlero o ladrón",¿Dónde están mis amigos?,1993,Extremoduro,https://entreinteriores.com/extremoduro/donde-estan-mis-amigos/islero-shirlero-o-ladron
Sin dios ni amo,Sin Dios Ni Amo,¿Dónde están mis amigos?,1993,Extremoduro,https://entreinteriores.com/extremoduro/donde-estan-mis-amigos/sin-dios-ni-amo
"Adiós abanico, que llegó el aire","Adiós Abanico, Que Llego el Aire",Rock Transgresivo,1994,Extremoduro,https://entreinteriores.com/extremoduro/rock-transgresivo/adios-abanico-que-llego-el-aire
Caballero andante,Caballero andante (¡No me dejéis asíii!),Rock Transgresivo,1994,Extremoduro,https://entreinteriores.com/extremoduro/rock-transgresivo/caballero-andante-no-me-dejeis-asiii
Érase una vez,Érase una Vez,Canciones prohibidas,1998,Extremoduro,https://entreinteriores.com/extremoduro/canciones-prohibidas/erase-una-vez
Buitre no come alpiste,Buitre No Come Alpiste,"Yo, minoría absoluta",2002,Extremoduro,https://entreinteriores.com/extremoduro/yo-minoria-absoluta/buitre-no-come-alpiste
Cerca del suelo,Cerca del Suelo,"Yo, minoría absoluta",2002,Extremoduro,https://entreinteriores.com/extremoduro/yo-minoria-absoluta/cerca-del-suelo
Luce la oscuridad,Luce la Oscuridad,"Yo, minoría absoluta",2002,Extremoduro,https://entreinteriores.com/extremoduro/yo-minoria-absoluta/luce-la-oscuridad
Manué IV,Manué IV,Para todos los públicos,2013,Extremoduro,https://entreinteriores.com/extremoduro/para-todos-los-publicos/manue-iv
